Search term,Search Type,All stores count,Did you mean?,Page Type,Top results,Categories
1800,all,27,,Search Page,1800 Silver Tequila(750ml),Mexico|Tequila|Blanco/Silver|
,,,,,1800 Silver Tequila(375ml),Mexico|Tequila|Blanco/Silver|
,,,,,1800 Silver Tequila(1.75L),Mexico|Tequila|Blanco/Silver|
,,,,,1800 Silver Tequila(50ml),Mexico|Tequila|Blanco/Silver|
,,,,,1800 Silver Tequila(1L),Mexico|Tequila|Blanco/Silver|
,,,,,1800 Anejo Tequila(750ml),Mexico|Tequila|Anejo|
,,,,,1800 Anejo Tequila(50ml),Mexico|Tequila|Anejo|
,,,,,1800 Reposado Tequila(750ml),Mexico|Tequila|Reposado|
,,,,,1800 Reposado Tequila(375ml),Mexico|Tequila|Reposado|
,,,,,1800 Reposado Tequila(200ml),Mexico|Tequila|Reposado|
,,,,,1800 Reposado Tequila(1.75L),Mexico|Tequila|Reposado|
,,,,,1800 Reposado Tequila(50ml),Mexico|Tequila|Reposado|
,,,,,1800 Reposado Tequila(1L),Mexico|Tequila|Reposado|
,,,,,1800 Milenio Tequila(750ml),Mexico|Tequila|Extra Anejo|
,,,,,1800 Coconut Tequila(750ml),Mexico|Tequila|Flavored Tequila|
,,,,,1800 Coconut Tequila(1.75L),Mexico|Tequila|Flavored Tequila|
,,,,,1800 Select Silver(750ml),Mexico|Tequila|Blanco/Silver|
,,,,,1800 Select Silver(50ml),Mexico|Tequila|Blanco/Silver|
,,,,,1800 Coleccion Tequila(750ml),Mexico|Tequila|Blanco/Silver|
,,,,,1800 Ultimate Peach Margarita(1.75L),Mexico|Ready to Drink|Margaritas|
,,,,,1800 Ultimate Pineapple Margarita(1.75L),Mexico|Ready to Drink|Margaritas|
,,,,,1800 Silver Tequila Artist Series(750ml),Mexico|Tequila|Blanco/Silver|
,,,,,1800 Ultimate Raspberry Marg Mix(1.75L),Mexico|Ready to Drink|Margaritas|
,,,,,1800 Ultimate Blueberry Margarita Mix(1.75L),Mexico|Ready to Drink|Margaritas|
,,,,,1800 Silver Tequila w/ Shot Glass(750ml Btl),Mexico|Tequila|Blanco/Silver|
,,,,,1800 Ultimate Margarita Ready To Drink(1.75L),Mexico|Ready to Drink|Margaritas|
,,,,,1800 Pomegranate Margarita Ready To Drink(1.75L),Mexico|Ready to Drink|Margaritas|
,,,,,
aleworks,product,0,,Search Page,
american_pale_ale,product,4414,,Search Page,Stoudts American Pale Ale(1/6 Keg),United States|Pennsylvania|Ale|Pale Ale|American Pale Ale|
,,,,,Stoudts American Pale Ale(6pk-12oz Btls),United States|Pennsylvania|Ale|Pale Ale|American Pale Ale|
,,,,,Bronx American Pale Ale(6pk-12oz Cans),United States|New York|Ale|Pale Ale|American Pale Ale|
,,,,,Shipyard American Pale Ale(6pk-12oz Btls),United States|Maine|Ale|Pale Ale|American Pale Ale|
,,,,,American Flying Monkey Pale Ale(22oz Btl),United States|Washington|Ale|Pale Ale|American Pale Ale|
,,,,,American Flying Monkey Pale Ale(1/2 Keg),United States|Washington|Ale|Pale Ale|American Pale Ale|
,,,,,American Flying Monkey Pale Ale(6pk-12oz Cans),United States|Washington|Ale|Pale Ale|American Pale Ale|
,,,,,Southern Barrel American Pale Ale(6pk-12oz Cans),United States|South Carolina|Ale|Pale Ale|American Pale Ale|
,,,,,16 Mile Cage Fight American Pale Ale(1/2 Keg),United States|Delaware|Ale|Pale Ale|American Pale Ale|
,,,,,Big Boss War Hawk American Pale Ale(1/6 Keg),United States|North Carolina|Ale|Pale Ale|American Pale Ale|
,,,,,Big Boss War Hawk American Pale Ale(12oz Btl),United States|North Carolina|Ale|Pale Ale|American Pale Ale|
,,,,,Big Boss War Hawk American Pale Ale(6pk-12oz Btls),United States|North Carolina|Ale|Pale Ale|American Pale Ale|
,,,,,Public Works Fair Shake American Pale Ale(6pk-12oz Btls),United States|Maryland|Ale|Pale Ale|American Pale Ale|
,,,,,Snoqualmie Falls Copperhead American Pale Ale(1/2 Keg),United States|Washington|Ale|Pale Ale|American Pale Ale|
,,,,,Mikkeller/Prarie American Style India Pale Ale(750ml),Denmark|Ale|IPA (India Pale Ale)|American IPA|
,,,,,OC Brewing Route 50 Coast to Coast American Pale Ale(6pk-12oz Btls),United States|Maryland|Ale|Pale Ale|American Pale Ale|
,,,,,OC Brewing Route 50 Coast to Coast American Pale Ale(6pk-12oz Cans),United States|Maryland|Ale|Pale Ale|American Pale Ale|
,,,,,Anchor Zymaster #5 Harvest One American Pale Ale(22oz Btl),United States|California|Ale|Pale Ale|American Pale Ale|
,,,,,Ambrata American Style Pale Ale(330ml),Italy|Ale|Pale Ale|English Pale Ale|
,,,,,Septem Friday's Pale Ale(11oz btl),Greece|Ale|Pale Ale|American Pale Ale|
,,,,,Quimera Pale Ale(750ml),Chile|Ale|Pale Ale|American Pale Ale|
,,,,,Kissmeyer Pale Ale(22oz Btl),Denmark|Ale|Pale Ale|American Pale Ale|
,,,,,Einstok Icelandic Pale Ale(6pk-330ml),Iceland|Ale|Pale Ale|American Pale Ale|
,,,,,Evil Twin Mad Dog Pale Ale(330ml),Denmark|Ale|Pale Ale|American Pale Ale|
,,,,,Amiata Contessa Italian Pale Ale(750ml),Italy|Ale|Pale Ale|American Pale Ale|
,,,,,Van Steenberge Vampire Pale Ale(750ml),Belgium|Ale|Pale Ale|American Pale Ale|
,,,,,Baird Rising Sun Pale Ale(12oz Btl),Japan|Ale|Pale Ale|American Pale Ale|
,,,,,Nogne O Pale Ale(500ml),Norway|Ale|Pale Ale|American Pale Ale|
,,,,,Cucapa Chupacabras Pale Ale(6pk-12oz Btls),Mexico|Ale|Pale Ale|American Pale Ale|
,,,,,Rooi Dop 24/7 Session Ale(330ml),Netherlands|Ale|Pale Ale|American Pale Ale|
,,,,,Evil Twin Hipster Ale(6pk-12oz Cans),Denmark|Ale|Pale Ale|American Pale Ale|
,,,,,Ise Kadoya Triple Hop Ale(500ml),Japan|Ale|Pale Ale|American Pale Ale|
,,,,,
Bailey's,all,18,,Search Page,Bailey's Espresso(750ml),Ireland|Liqueurs/Cordials/Schnapps|Cream|
,,,,,Bailey's Espresso(50ml),Ireland|Liqueurs/Cordials/Schnapps|Cream|
,,,,,Bailey's Hazelnut(750ml),Ireland|Liqueurs/Cordials/Schnapps|Cream|
,,,,,Bailey's Hazelnut(50ml),Ireland|Liqueurs/Cordials/Schnapps|Cream|
,,,,,Bailey's Coffee(750ml),Ireland|Liqueurs/Cordials/Schnapps|Cream|
,,,,,Bailey's Coffee(50ml),Ireland|Liqueurs/Cordials/Schnapps|Coffee|
,,,,,Bailey's Salted Caramel(750ml),Ireland|Liqueurs/Cordials/Schnapps|Cream|
,,,,,Bailey's Salted Caramel(50ml),Ireland|Liqueurs/Cordials/Schnapps|Cream|
,,,,,Bailey's Dulce de Leche(750ml),Ireland|Liqueurs/Cordials/Schnapps|Cream|
,,,,,Bailey's Chocolate Cherry(750ml),Ireland|Liqueurs/Cordials/Schnapps|Cream|
,,,,,Bailey's Chocolate Cherry(50ml),Ireland|Liqueurs/Cordials/Schnapps|Cream|
,,,,,Bailey's Vanilla Cinnamon(750ml),Ireland|Liqueurs/Cordials/Schnapps|Cream|
,,,,,Bailey's Irish Cream(750ml),Ireland|Liqueurs/Cordials/Schnapps|Cream|
,,,,,Bailey's Irish Cream(375ml),Ireland|Liqueurs/Cordials/Schnapps|Cream|
,,,,,Bailey's Irish Cream(200ml),Ireland|Liqueurs/Cordials/Schnapps|Cream|
,,,,,Bailey's Irish Cream(1.75L),Ireland|Liqueurs/Cordials/Schnapps|Cream|
,,,,,Bailey's Irish Cream(50ml),Ireland|Liqueurs/Cordials/Schnapps|Cream|
,,,,,Bailey's Irish Cream(1L),Ireland|Liqueurs/Cordials/Schnapps|Cream|
,,,,,
